track,metric,n_rows,n_questions,n_versions,slope_per_version,slope_se,z_value,p_value,odds_ratio_per_version,slope_bootstrap_ci_low,slope_bootstrap_ci_high,bootstrap_successes,converged,threshold
grok_version,accuracy,3228,817,4,0.7053965078673744,0.049920033085500456,14.130529654481752,0.0,2.024649315169367,0.6195282055559052,0.8133019427567962,120,True,0.8
grok_version,ce_rate,3228,817,4,-1.0603332857916945,0.0766393048726336,-13.835371909411966,0.0,0.34634036077094194,-1.2702928713481836,-0.8829197252500186,120,True,0.8
llama_scale_version,accuracy,3228,817,4,0.39039762247099496,0.045555983344616115,8.569623434923239,0.0,1.477568191409007,0.2754266679448535,0.5232723134450435,120,True,0.8
llama_scale_version,ce_rate,3228,817,4,0.1974755649588346,0.053543083500668075,3.6881619818621507,0.00022587984271726924,1.2183232948260616,0.06891554083437595,0.2935669108193091,120,True,0.8
qwen_scale_version,accuracy,3228,817,4,0.4675573491227688,0.04645737664534561,10.06422193599284,0.0,1.5960907353309939,0.37155472804618317,0.5592506094690352,120,True,0.8
qwen_scale_version,ce_rate,3228,817,4,0.03907410272962742,0.0510772677087704,0.7649998616296005,0.44427162702010814,1.0398475363360542,-0.08186615232145462,0.1703398988844151,120,True,0.8
