track,metric,n_rows,n_questions,n_versions,slope_per_version,slope_se,z_value,p_value,odds_ratio_per_version,slope_bootstrap_ci_low,slope_bootstrap_ci_high,bootstrap_successes,converged,threshold
grok_version,accuracy,3228,817,4,0.7053965078673744,0.049920033085500456,14.130529654481752,0.0,2.024649315169367,0.6195282055559052,0.8133019427567962,120,True,0.9
grok_version,ce_rate,3228,817,4,-1.1060034730924035,0.08268814176632099,-13.375599565630589,0.0,0.33087868773573964,-1.2936965281164492,-0.9223970406887168,120,True,0.9
llama_scale_version,accuracy,3228,817,4,0.39039762247099496,0.045555983344616115,8.569623434923239,0.0,1.477568191409007,0.2754266679448535,0.5232723134450435,120,True,0.9
llama_scale_version,ce_rate,3228,817,4,0.29442538248955546,0.057115763248926164,5.154888348534692,2.5378209489446135e-07,1.3423547964596487,0.13954424173373584,0.39608409396706673,120,True,0.9
qwen_scale_version,accuracy,3228,817,4,0.4675573491227688,0.04645737664534561,10.06422193599284,0.0,1.5960907353309939,0.37155472804618317,0.5592506094690352,120,True,0.9
qwen_scale_version,ce_rate,3228,817,4,0.05429011674857983,0.05350760249476539,1.014624356490108,0.3102849244676693,1.0557908603391997,-0.07384512077900834,0.18637013536767147,120,True,0.9
