track,metric,n_rows,n_questions,n_versions,slope_per_version,slope_se,z_value,p_value,odds_ratio_per_version,slope_bootstrap_ci_low,slope_bootstrap_ci_high,bootstrap_successes,converged,threshold
grok_version,accuracy,3228,817,4,0.7053965078673744,0.049920033085500456,14.130529654481752,0.0,2.024649315169367,0.6195282055559052,0.8133019427567962,120,True,1.0
grok_version,ce_rate,3228,817,4,-1.3147080126311945,0.0984269220338447,-13.357199285162286,0.0,0.26855272579619216,-1.5047435106743081,-1.1235931383171764,120,True,1.0
llama_scale_version,accuracy,3228,817,4,0.39039762247099496,0.045555983344616115,8.569623434923239,0.0,1.477568191409007,0.2754266679448535,0.5232723134450435,120,True,1.0
llama_scale_version,ce_rate,3228,817,4,0.41531506626667675,0.0639205230483621,6.497366517987508,8.173817178658283e-11,1.5148479429989097,0.2568333548212874,0.5400261514159463,120,True,1.0
qwen_scale_version,accuracy,3228,817,4,0.4675573491227688,0.04645737664534561,10.06422193599284,0.0,1.5960907353309939,0.37155472804618317,0.5592506094690352,120,True,1.0
qwen_scale_version,ce_rate,3228,817,4,0.12991997652884804,0.05720383722600575,2.271175900587739,0.023136331701568036,1.138737253970634,-0.008325690258720403,0.2776970726608465,120,True,1.0
